date_utc,request_count,target_2xx,target_4xx,target_5xx,elb_5xx
2026-05-29,73,0,0,67,6
2026-05-30,5915,4244,1028,580,16
2026-05-31,1066,107,12,939,0
2026-06-01,777,341,20,413,0
2026-06-02,1111,85,58,960,0
2026-06-03,727,121,4,576,0
2026-06-04,1829,6,135,1674,0
2026-06-05,396,10,0,384,0
2026-06-06,1173,4,2,1166,0
2026-06-07,629,0,0,627,0
2026-06-08,773,200,17,552,0
2026-06-09,1018,2,1,1013,0
2026-06-10,16022,0,1,16017,0
2026-06-11,710,2,0,708,0
2026-06-12,450,2,54,393,0
2026-06-13,2049,25,188,1836,0
2026-06-14,2194,2,220,1718,0
2026-06-15,2820,1,123,2436,0
2026-06-16,718,0,0,716,0
2026-06-17,618,4,19,595,0
2026-06-18,887,0,0,885,0
2026-06-19,679,4,20,654,0
2026-06-20,576,50,18,507,0
2026-06-21,1211,4,1,1205,1
2026-06-22,728,0,0,728,0
2026-06-23,1140,1,0,1135,0
2026-06-24,753,0,0,752,0
2026-06-25,3442,1,0,3439,0
2026-06-26,1237,0,0,1237,0
2026-06-27,3597,0,0,3597,0
2026-06-28,858,6,1,848,0
2026-06-29,764,0,0,764,0
2026-06-30,826,0,0,824,0
2026-07-01,1361,4,0,1356,0
2026-07-02,4011,1,3,4007,0
2026-07-03,710,0,0,710,0
2026-07-04,1835,0,0,1835,0
2026-07-05,861,4,1,855,0
2026-07-06,2427,2,0,2424,0
2026-07-07,798,1,3,794,0
2026-07-08,1600,0,0,1598,0
2026-07-09,314,2,4,307,0
2026-07-10,974,0,0,972,0
2026-07-11,658,1,0,657,0
2026-07-12,334,4,0,328,0
2026-07-13,241,0,1,240,0
2026-07-14,572,3,1,567,0
2026-07-15,205,1,0,204,0
2026-07-16,249,0,0,249,0
2026-07-17,549,2,30,517,0
2026-07-18,759,50,0,707,0
2026-07-19,780,3,1,775,0
2026-07-20,1666,3,15,1648,0
2026-07-21,770,15,138,617,0
2026-07-22,1020,20,2,998,0
2026-07-23,842,21,9,811,0
2026-07-24,16258,0,0,16256,0
2026-07-25,772,2,2,768,0
2026-07-26,570,3,0,567,0
2026-07-27,16015,1,2,16012,0
2026-07-28,881,1,0,880,0
2026-07-29,882,12,3,866,3
2026-07-30,803,34,18,744,13
2026-07-31,552,10,5,536,0
2026-08-01,577,7,2,568,0
2026-08-02,460,17,3,440,0
2026-08-03,444,2,0,442,0
2026-08-04,495,4,1,490,0
2026-08-05,817,12,6,799,0
2026-08-06,454,29,31,394,0
2026-08-07,553,96,27,429,0
2026-08-08,1368,6,10,1352,0
2026-08-09,642,5,3,634,0
2026-08-10,604,61,67,476,0
2026-08-11,593,2,2,587,2
2026-08-12,387,59,0,326,0
2026-08-13,403,69,12,320,0
2026-08-14,519,113,115,291,0
2026-08-15,556,32,18,506,0
2026-08-16,622,11,7,604,0
2026-08-17,885,156,310,419,0
2026-08-18,281,15,12,254,0
2026-08-19,363,34,1,328,0
2026-08-20,748,305,28,401,0
2026-08-21,15395,2,0,15339,0
2026-08-22,146,1,1,144,0
2026-08-23,1469,17,2,1450,0
2026-08-24,243,22,3,218,0
2026-08-25,1468,18,5,1445,0
2026-08-26,2559,16,598,1944,0
2026-08-27,459,9,2,448,0
2026-08-28,1071,102,343,472,0
2026-08-29,4554,25,958,3570,0
2026-08-30,366,22,0,344,0
2026-08-31,2768,24,652,2090,0
